{"cameraMode":{"drawMode":0,"name":"Shaded","section":"Shading Mode"},"sceneLighting":true,"audioPlay":false,"sceneViewState":{"m_AlwaysRefresh":false,"showFog":true,"showSkybox":true,"showFlares":true,"showImageEffects":true,"showParticleSystems":true,"showVisualEffectGraphs":true,"m_FxEnabled":true},"in2DMode":false,"pivot":{"x":8.028010368347168,"y":-2.2700414657592775,"z":-5.4731035232543949},"rotation":{"x":-0.09531159698963165,"y":0.8843780755996704,"z":-0.20689377188682557,"w":-0.4074143171310425},"size":18.476839065551759,"orthographic":false}