{"cameraMode":{"drawMode":0,"name":"Shaded","section":"Shading Mode"},"sceneLighting":true,"audioPlay":false,"sceneViewState":{"showFog":true,"showMaterialUpdate":true,"showSkybox":true,"showFlares":true,"showImageEffects":true,"showParticleSystems":true},"in2DMode":false,"pivot":{"x":35.63999938964844,"y":12.0,"z":61.79999923706055},"rotation":{"x":-0.023648269474506379,"y":-0.23122160136699677,"z":0.005622034426778555,"w":-0.9725975394248962},"size":2.4247448444366457,"orthographic":false}